gene_id	baseMean	log2FoldChange	lfcSE	stat	pvalue	padj	stage
clk-1	142.56972224743	-1.057413613917	0.202937841465848	-5.21052952115365	1.8830241371524E-07	9.98189230724156E-07	L3
clk-1	142.56972224743	-1.09017777067084	0.196562401989536	-5.54621717905582	2.91916199700224E-08	1.72793735013267E-07	L4
clk-1	142.56972224743	-1.01574808277273	0.183527024738448	-5.53459679423409	3.11945124178413E-08	1.09124743211449E-07	Adult
